Имя;Фамилия;Дата рождения;Телефон;Вид документа;Номер документа
vasya;pupkin;1994-10-12;79156905353;Паспорт;0223123456
Имя;Фамилия;Дата рождения;Телефон;Вид документа;Номер документа
vasya;pupkin;1994-10-12;79156905353;Паспорт;0123456789
Имя;Фамилия;Дата рождения;Телефон;Вид документа;Номер документа
vasya;pupkin;1994-10-12;79156905353;Паспорт;0123456789
Имя;Фамилия;Дата рождения;Телефон;Вид документа;Номер документа
vasya;pupkin;1994-10-12;79156905353;Паспорт;0123456789
Имя;Фамилия;Дата рождения;Телефон;Вид документа;Номер документа
vasya;pupkin;1994-10-12;79156905353;Паспорт;0123456789
Имя;Фамилия;Дата рождения;Телефон;Вид документа;Номер документа
vasya;pupkin;1994-10-12;79156905353;Паспорт;0123456789
Имя;Фамилия;Дата рождения;Телефон;Вид документа;Номер документа
vasya;pupkin;1994-10-12;79156905353;Паспорт;0123456789
Имя;Фамилия;Дата рождения;Телефон;Вид документа;Номер документа
vasya;pupkin;1994-10-12;79156905353;Паспорт;0123456789
